{"id":"0-0-2-0","source":"0-0-1-3","target":"0-0-1-134","data":{"superType":"T"},"meta":{"label":"sentTo","graphs":["0-0-0-0"]}}
{"id":"0-0-2-1","source":"0-0-1-3","target":"0-0-1-141","data":{"superType":"T"},"meta":{"label":"sentBy","graphs":["0-0-0-0"]}}
{"id":"0-0-2-2","source":"0-0-1-3","target":"0-0-1-138","data":{"quantity":95,"salesPrice":3.85,"superType":"T","purchPrice":3.67},"meta":{"label":"SalesQuotationLine","graphs":["0-0-0-0"]}}
{"id":"0-0-2-3","source":"0-0-1-31","target":"0-0-1-134","data":{"superType":"T"},"meta":{"label":"receivedFrom","graphs":["0-0-0-0"]}}
{"id":"0-0-2-4","source":"0-0-1-31","target":"0-0-1-133","data":{"superType":"T"},"meta":{"label":"processedBy","graphs":["0-0-0-0"]}}
{"id":"0-0-2-5","source":"0-0-1-31","target":"0-0-1-3","data":{"superType":"T"},"meta":{"label":"basedOn","graphs":["0-0-0-0"]}}
{"id":"0-0-2-6","source":"0-0-1-31","target":"0-0-1-138","data":{"quantity":95,"salesPrice":3.85,"superType":"T"},"meta":{"label":"SalesOrderLine","graphs":["0-0-0-0"]}}
{"id":"0-0-2-7","source":"0-0-1-64","target":"0-0-1-31","data":{"superType":"T"},"meta":{"label":"serves","graphs":["0-0-0-0"]}}
{"id":"0-0-2-8","source":"0-0-1-64","target":"0-0-1-132","data":{"superType":"T"},"meta":{"label":"processedBy","graphs":["0-0-0-0"]}}
{"id":"0-0-2-9","source":"0-0-1-64","target":"0-0-1-137","data":{"superType":"T"},"meta":{"label":"placedAt","graphs":["0-0-0-0"]}}
{"id":"0-0-2-10","source":"0-0-1-64","target":"0-0-1-138","data":{"quantity":95,"superType":"T","purchPrice":3.63},"meta":{"label":"PurchOrderLine","graphs":["0-0-0-0"]}}
{"id":"0-0-2-11","source":"0-0-1-112","target":"0-0-1-64","data":{"superType":"T"},"meta":{"label":"contains","graphs":["0-0-0-0"]}}
{"id":"0-0-2-12","source":"0-0-1-112","target":"0-0-1-144","data":{"superType":"T"},"meta":{"label":"operatedBy","graphs":["0-0-0-0"]}}
{"id":"0-0-2-13","source":"0-0-1-26","target":"0-0-1-64","data":{"superType":"T"},"meta":{"label":"createdFor","graphs":["0-0-0-0"]}}
{"id":"0-0-2-14","source":"0-0-1-96","target":"0-0-1-31","data":{"superType":"T"},"meta":{"label":"createdFor","graphs":["0-0-0-0"]}}
{"id":"0-0-2-15","source":"0-0-1-110","target":"0-0-1-125","data":{"superType":"T"},"meta":{"label":"sentTo","graphs":["0-0-0-0"]}}
{"id":"0-0-2-16","source":"0-0-1-110","target":"0-0-1-131","data":{"superType":"T"},"meta":{"label":"sentBy","graphs":["0-0-0-0"]}}
{"id":"0-0-2-17","source":"0-0-1-110","target":"0-0-1-140","data":{"quantity":55,"salesPrice":2.87,"superType":"T","purchPrice":2.84},"meta":{"label":"SalesQuotationLine","graphs":["0-0-0-0"]}}
{"id":"0-0-2-18","source":"0-0-1-101","target":"0-0-1-125","data":{"superType":"T"},"meta":{"label":"receivedFrom","graphs":["0-0-0-0"]}}
{"id":"0-0-2-19","source":"0-0-1-101","target":"0-0-1-139","data":{"superType":"T"},"meta":{"label":"processedBy","graphs":["0-0-0-0"]}}
{"id":"0-0-2-20","source":"0-0-1-101","target":"0-0-1-110","data":{"superType":"T"},"meta":{"label":"basedOn","graphs":["0-0-0-0"]}}
{"id":"0-0-2-21","source":"0-0-1-101","target":"0-0-1-140","data":{"quantity":55,"salesPrice":2.87,"superType":"T"},"meta":{"label":"SalesOrderLine","graphs":["0-0-0-0"]}}
{"id":"0-0-2-22","source":"0-0-1-121","target":"0-0-1-101","data":{"superType":"T"},"meta":{"label":"serves","graphs":["0-0-0-0"]}}
{"id":"0-0-2-23","source":"0-0-1-121","target":"0-0-1-141","data":{"superType":"T"},"meta":{"label":"processedBy","graphs":["0-0-0-0"]}}
{"id":"0-0-2-24","source":"0-0-1-121","target":"0-0-1-136","data":{"superType":"T"},"meta":{"label":"placedAt","graphs":["0-0-0-0"]}}
{"id":"0-0-2-25","source":"0-0-1-121","target":"0-0-1-140","data":{"quantity":55,"superType":"T","purchPrice":2.98},"meta":{"label":"PurchOrderLine","graphs":["0-0-0-0"]}}
{"id":"0-0-2-26","source":"0-0-1-80","target":"0-0-1-121","data":{"superType":"T"},"meta":{"label":"contains","graphs":["0-0-0-0"]}}
{"id":"0-0-2-27","source":"0-0-1-80","target":"0-0-1-126","data":{"superType":"T"},"meta":{"label":"operatedBy","graphs":["0-0-0-0"]}}
{"id":"0-0-2-28","source":"0-0-1-81","target":"0-0-1-121","data":{"superType":"T"},"meta":{"label":"createdFor","graphs":["0-0-0-0"]}}
{"id":"0-0-2-29","source":"0-0-1-5","target":"0-0-1-101","data":{"superType":"T"},"meta":{"label":"createdFor","graphs":["0-0-0-0"]}}
{"id":"0-0-2-30","source":"0-0-1-114","target":"0-0-1-101","data":{"superType":"T"},"meta":{"label":"createdFor","graphs":["0-0-0-0"]}}
{"id":"0-0-2-31","source":"0-0-1-60","target":"0-0-1-121","data":{"superType":"T"},"meta":{"label":"createdFor","graphs":["0-0-0-0"]}}
{"id":"0-0-2-32","source":"0-0-1-24","target":"0-0-1-101","data":{"superType":"T"},"meta":{"label":"createdFor","graphs":["0-0-0-0"]}}
{"id":"0-0-2-33","source":"0-0-1-93","target":"0-0-1-145","data":{"superType":"T"},"meta":{"label":"sentTo","graphs":["0-0-0-0"]}}
{"id":"0-0-2-34","source":"0-0-1-93","target":"0-0-1-133","data":{"superType":"T"},"meta":{"label":"sentBy","graphs":["0-0-0-0"]}}
{"id":"0-0-2-35","source":"0-0-1-93","target":"0-0-1-135","data":{"quantity":95,"salesPrice":9.53,"superType":"T","purchPrice":8.74},"meta":{"label":"SalesQuotationLine","graphs":["0-0-0-0"]}}
{"id":"0-0-2-36","source":"0-0-1-99","target":"0-0-1-145","data":{"superType":"T"},"meta":{"label":"receivedFrom","graphs":["0-0-0-0"]}}
{"id":"0-0-2-37","source":"0-0-1-99","target":"0-0-1-132","data":{"superType":"T"},"meta":{"label":"processedBy","graphs":["0-0-0-0"]}}
{"id":"0-0-2-38","source":"0-0-1-99","target":"0-0-1-93","data":{"superType":"T"},"meta":{"label":"basedOn","graphs":["0-0-0-0"]}}
{"id":"0-0-2-39","source":"0-0-1-99","target":"0-0-1-135","data":{"quantity":95,"salesPrice":9.53,"superType":"T"},"meta":{"label":"SalesOrderLine","graphs":["0-0-0-0"]}}
{"id":"0-0-2-40","source":"0-0-1-79","target":"0-0-1-99","data":{"superType":"T"},"meta":{"label":"serves","graphs":["0-0-0-0"]}}
{"id":"0-0-2-41","source":"0-0-1-79","target":"0-0-1-131","data":{"superType":"T"},"meta":{"label":"processedBy","graphs":["0-0-0-0"]}}
{"id":"0-0-2-42","source":"0-0-1-79","target":"0-0-1-143","data":{"superType":"T"},"meta":{"label":"placedAt","graphs":["0-0-0-0"]}}
{"id":"0-0-2-43","source":"0-0-1-79","target":"0-0-1-135","data":{"quantity":95,"superType":"T","purchPrice":8.83},"meta":{"label":"PurchOrderLine","graphs":["0-0-0-0"]}}
{"id":"0-0-2-44","source":"0-0-1-82","target":"0-0-1-79","data":{"superType":"T"},"meta":{"label":"contains","graphs":["0-0-0-0"]}}
{"id":"0-0-2-45","source":"0-0-1-82","target":"0-0-1-144","data":{"superType":"T"},"meta":{"label":"operatedBy","graphs":["0-0-0-0"]}}
{"id":"0-0-2-46","source":"0-0-1-92","target":"0-0-1-79","data":{"superType":"T"},"meta":{"label":"createdFor","graphs":["0-0-0-0"]}}
{"id":"0-0-2-47","source":"0-0-1-54","target":"0-0-1-99","data":{"superType":"T"},"meta":{"label":"createdFor","graphs":["0-0-0-0"]}}
{"id":"0-0-2-48","source":"0-0-1-77","target":"0-0-1-125","data":{"superType":"T"},"meta":{"label":"sentTo","graphs":["0-0-0-0"]}}
{"id":"0-0-2-49","source":"0-0-1-77","target":"0-0-1-133","data":{"superType":"T"},"meta":{"label":"sentBy","graphs":["0-0-0-0"]}}
{"id":"0-0-2-50","source":"0-0-1-77","target":"0-0-1-140","data":{"quantity":40,"salesPrice":2.93,"superType":"T","purchPrice":2.84},"meta":{"label":"SalesQuotationLine","graphs":["0-0-0-0"]}}
{"id":"0-0-2-51","source":"0-0-1-91","target":"0-0-1-125","data":{"superType":"T"},"meta":{"label":"receivedFrom","graphs":["0-0-0-0"]}}
{"id":"0-0-2-52","source":"0-0-1-91","target":"0-0-1-132","data":{"superType":"T"},"meta":{"label":"processedBy","graphs":["0-0-0-0"]}}
{"id":"0-0-2-53","source":"0-0-1-91","target":"0-0-1-77","data":{"superType":"T"},"meta":{"label":"basedOn","graphs":["0-0-0-0"]}}
{"id":"0-0-2-54","source":"0-0-1-91","target":"0-0-1-140","data":{"quantity":40,"salesPrice":2.93,"superType":"T"},"meta":{"label":"SalesOrderLine","graphs":["0-0-0-0"]}}
{"id":"0-0-2-55","source":"0-0-1-18","target":"0-0-1-91","data":{"superType":"T"},"meta":{"label":"serves","graphs":["0-0-0-0"]}}
{"id":"0-0-2-56","source":"0-0-1-18","target":"0-0-1-131","data":{"superType":"T"},"meta":{"label":"processedBy","graphs":["0-0-0-0"]}}
{"id":"0-0-2-57","source":"0-0-1-18","target":"0-0-1-127","data":{"superType":"T"},"meta":{"label":"placedAt","graphs":["0-0-0-0"]}}
{"id":"0-0-2-58","source":"0-0-1-18","target":"0-0-1-140","data":{"quantity":40,"superType":"T","purchPrice":2.87},"meta":{"label":"PurchOrderLine","graphs":["0-0-0-0"]}}
{"id":"0-0-2-59","source":"0-0-1-14","target":"0-0-1-18","data":{"superType":"T"},"meta":{"label":"contains","graphs":["0-0-0-0"]}}
{"id":"0-0-2-60","source":"0-0-1-14","target":"0-0-1-126","data":{"superType":"T"},"meta":{"label":"operatedBy","graphs":["0-0-0-0"]}}
{"id":"0-0-2-61","source":"0-0-1-94","target":"0-0-1-18","data":{"superType":"T"},"meta":{"label":"createdFor","graphs":["0-0-0-0"]}}
{"id":"0-0-2-62","source":"0-0-1-86","target":"0-0-1-91","data":{"superType":"T"},"meta":{"label":"createdFor","graphs":["0-0-0-0"]}}
{"id":"0-0-2-63","source":"0-0-1-120","target":"0-0-1-91","data":{"superType":"T"},"meta":{"label":"createdFor","graphs":["0-0-0-0"]}}
{"id":"0-0-2-64","source":"0-0-1-57","target":"0-0-1-18","data":{"superType":"T"},"meta":{"label":"createdFor","graphs":["0-0-0-0"]}}
{"id":"0-0-2-65","source":"0-0-1-69","target":"0-0-1-142","data":{"superType":"T"},"meta":{"label":"sentTo","graphs":["0-0-0-0"]}}
{"id":"0-0-2-66","source":"0-0-1-69","target":"0-0-1-133","data":{"superType":"T"},"meta":{"label":"sentBy","graphs":["0-0-0-0"]}}
{"id":"0-0-2-67","source":"0-0-1-69","target":"0-0-1-130","data":{"quantity":30,"salesPrice":6.36,"superType":"T","purchPrice":6.17},"meta":{"label":"SalesQuotationLine","graphs":["0-0-0-0"]}}
{"id":"0-0-2-68","source":"0-0-1-19","target":"0-0-1-142","data":{"superType":"T"},"meta":{"label":"receivedFrom","graphs":["0-0-0-0"]}}
{"id":"0-0-2-69","source":"0-0-1-19","target":"0-0-1-132","data":{"superType":"T"},"meta":{"label":"processedBy","graphs":["0-0-0-0"]}}
{"id":"0-0-2-70","source":"0-0-1-19","target":"0-0-1-69","data":{"superType":"T"},"meta":{"label":"basedOn","graphs":["0-0-0-0"]}}
{"id":"0-0-2-71","source":"0-0-1-19","target":"0-0-1-130","data":{"quantity":30,"salesPrice":6.36,"superType":"T"},"meta":{"label":"SalesOrderLine","graphs":["0-0-0-0"]}}
{"id":"0-0-2-72","source":"0-0-1-98","target":"0-0-1-19","data":{"superType":"T"},"meta":{"label":"serves","graphs":["0-0-0-0"]}}
{"id":"0-0-2-73","source":"0-0-1-98","target":"0-0-1-131","data":{"superType":"T"},"meta":{"label":"processedBy","graphs":["0-0-0-0"]}}
{"id":"0-0-2-74","source":"0-0-1-98","target":"0-0-1-129","data":{"superType":"T"},"meta":{"label":"placedAt","graphs":["0-0-0-0"]}}
{"id":"0-0-2-75","source":"0-0-1-98","target":"0-0-1-130","data":{"quantity":30,"superType":"T","purchPrice":6.36},"meta":{"label":"PurchOrderLine","graphs":["0-0-0-0"]}}
{"id":"0-0-2-76","source":"0-0-1-45","target":"0-0-1-98","data":{"superType":"T"},"meta":{"label":"contains","graphs":["0-0-0-0"]}}
{"id":"0-0-2-77","source":"0-0-1-45","target":"0-0-1-144","data":{"superType":"T"},"meta":{"label":"operatedBy","graphs":["0-0-0-0"]}}
{"id":"0-0-2-78","source":"0-0-1-43","target":"0-0-1-98","data":{"superType":"T"},"meta":{"label":"createdFor","graphs":["0-0-0-0"]}}
{"id":"0-0-2-79","source":"0-0-1-108","target":"0-0-1-19","data":{"superType":"T"},"meta":{"label":"createdFor","graphs":["0-0-0-0"]}}
{"id":"0-0-2-80","source":"0-0-1-8","target":"0-0-1-19","data":{"superType":"T"},"meta":{"label":"createdFor","graphs":["0-0-0-0"]}}
{"id":"0-0-2-81","source":"0-0-1-25","target":"0-0-1-145","data":{"superType":"T"},"meta":{"label":"sentTo","graphs":["0-0-0-0"]}}
{"id":"0-0-2-82","source":"0-0-1-25","target":"0-0-1-133","data":{"superType":"T"},"meta":{"label":"sentBy","graphs":["0-0-0-0"]}}
{"id":"0-0-2-83","source":"0-0-1-25","target":"0-0-1-135","data":{"quantity":3,"salesPrice":9.53,"superType":"T","purchPrice":8.74},"meta":{"label":"SalesQuotationLine","graphs":["0-0-0-0"]}}
{"id":"0-0-2-84","source":"0-0-1-40","target":"0-0-1-145","data":{"superType":"T"},"meta":{"label":"receivedFrom","graphs":["0-0-0-0"]}}
{"id":"0-0-2-85","source":"0-0-1-40","target":"0-0-1-132","data":{"superType":"T"},"meta":{"label":"processedBy","graphs":["0-0-0-0"]}}
{"id":"0-0-2-86","source":"0-0-1-40","target":"0-0-1-25","data":{"superType":"T"},"meta":{"label":"basedOn","graphs":["0-0-0-0"]}}
{"id":"0-0-2-87","source":"0-0-1-40","target":"0-0-1-135","data":{"quantity":3,"salesPrice":9.53,"superType":"T"},"meta":{"label":"SalesOrderLine","graphs":["0-0-0-0"]}}
{"id":"0-0-2-88","source":"0-0-1-70","target":"0-0-1-40","data":{"superType":"T"},"meta":{"label":"serves","graphs":["0-0-0-0"]}}
{"id":"0-0-2-89","source":"0-0-1-70","target":"0-0-1-131","data":{"superType":"T"},"meta":{"label":"processedBy","graphs":["0-0-0-0"]}}
{"id":"0-0-2-90","source":"0-0-1-70","target":"0-0-1-137","data":{"superType":"T"},"meta":{"label":"placedAt","graphs":["0-0-0-0"]}}
{"id":"0-0-2-91","source":"0-0-1-70","target":"0-0-1-135","data":{"quantity":3,"superType":"T","purchPrice":8.65},"meta":{"label":"PurchOrderLine","graphs":["0-0-0-0"]}}
{"id":"0-0-2-92","source":"0-0-1-15","target":"0-0-1-70","data":{"superType":"T"},"meta":{"label":"contains","graphs":["0-0-0-0"]}}
{"id":"0-0-2-93","source":"0-0-1-15","target":"0-0-1-126","data":{"superType":"T"},"meta":{"label":"operatedBy","graphs":["0-0-0-0"]}}
{"id":"0-0-2-94","source":"0-0-1-74","target":"0-0-1-70","data":{"superType":"T"},"meta":{"label":"createdFor","graphs":["0-0-0-0"]}}
{"id":"0-0-2-95","source":"0-0-1-102","target":"0-0-1-40","data":{"superType":"T"},"meta":{"label":"createdFor","graphs":["0-0-0-0"]}}
{"id":"0-0-2-96","source":"0-0-1-46","target":"0-0-1-134","data":{"superType":"T"},"meta":{"label":"sentTo","graphs":["0-0-0-0"]}}
{"id":"0-0-2-97","source":"0-0-1-46","target":"0-0-1-141","data":{"superType":"T"},"meta":{"label":"sentBy","graphs":["0-0-0-0"]}}
{"id":"0-0-2-98","source":"0-0-1-46","target":"0-0-1-138","data":{"quantity":50,"salesPrice":3.85,"superType":"T","purchPrice":3.67},"meta":{"label":"SalesQuotationLine","graphs":["0-0-0-0"]}}
{"id":"0-0-2-99","source":"0-0-1-52","target":"0-0-1-134","data":{"superType":"T"},"meta":{"label":"receivedFrom","graphs":["0-0-0-0"]}}
{"id":"0-0-2-100","source":"0-0-1-52","target":"0-0-1-133","data":{"superType":"T"},"meta":{"label":"processedBy","graphs":["0-0-0-0"]}}
{"id":"0-0-2-101","source":"0-0-1-52","target":"0-0-1-46","data":{"superType":"T"},"meta":{"label":"basedOn","graphs":["0-0-0-0"]}}
{"id":"0-0-2-102","source":"0-0-1-52","target":"0-0-1-138","data":{"quantity":50,"salesPrice":3.85,"superType":"T"},"meta":{"label":"SalesOrderLine","graphs":["0-0-0-0"]}}
{"id":"0-0-2-103","source":"0-0-1-78","target":"0-0-1-52","data":{"superType":"T"},"meta":{"label":"serves","graphs":["0-0-0-0"]}}
{"id":"0-0-2-104","source":"0-0-1-78","target":"0-0-1-132","data":{"superType":"T"},"meta":{"label":"processedBy","graphs":["0-0-0-0"]}}
{"id":"0-0-2-105","source":"0-0-1-78","target":"0-0-1-136","data":{"superType":"T"},"meta":{"label":"placedAt","graphs":["0-0-0-0"]}}
{"id":"0-0-2-106","source":"0-0-1-78","target":"0-0-1-138","data":{"quantity":50,"superType":"T","purchPrice":3.78},"meta":{"label":"PurchOrderLine","graphs":["0-0-0-0"]}}
{"id":"0-0-2-107","source":"0-0-1-21","target":"0-0-1-78","data":{"superType":"T"},"meta":{"label":"contains","graphs":["0-0-0-0"]}}
{"id":"0-0-2-108","source":"0-0-1-21","target":"0-0-1-144","data":{"superType":"T"},"meta":{"label":"operatedBy","graphs":["0-0-0-0"]}}
{"id":"0-0-2-109","source":"0-0-1-111","target":"0-0-1-78","data":{"superType":"T"},"meta":{"label":"createdFor","graphs":["0-0-0-0"]}}
{"id":"0-0-2-110","source":"0-0-1-47","target":"0-0-1-52","data":{"superType":"T"},"meta":{"label":"createdFor","graphs":["0-0-0-0"]}}
{"id":"0-0-2-111","source":"0-0-1-6","target":"0-0-1-125","data":{"superType":"T"},"meta":{"label":"sentTo","graphs":["0-0-0-0"]}}
{"id":"0-0-2-112","source":"0-0-1-6","target":"0-0-1-131","data":{"superType":"T"},"meta":{"label":"sentBy","graphs":["0-0-0-0"]}}
{"id":"0-0-2-113","source":"0-0-1-6","target":"0-0-1-140","data":{"quantity":95,"salesPrice":2.87,"superType":"T","purchPrice":2.84},"meta":{"label":"SalesQuotationLine","graphs":["0-0-0-0"]}}
{"id":"0-0-2-114","source":"0-0-1-30","target":"0-0-1-125","data":{"superType":"T"},"meta":{"label":"receivedFrom","graphs":["0-0-0-0"]}}
{"id":"0-0-2-115","source":"0-0-1-30","target":"0-0-1-139","data":{"superType":"T"},"meta":{"label":"processedBy","graphs":["0-0-0-0"]}}
{"id":"0-0-2-116","source":"0-0-1-30","target":"0-0-1-6","data":{"superType":"T"},"meta":{"label":"basedOn","graphs":["0-0-0-0"]}}
{"id":"0-0-2-117","source":"0-0-1-30","target":"0-0-1-140","data":{"quantity":95,"salesPrice":2.87,"superType":"T"},"meta":{"label":"SalesOrderLine","graphs":["0-0-0-0"]}}
{"id":"0-0-2-118","source":"0-0-1-2","target":"0-0-1-30","data":{"superType":"T"},"meta":{"label":"serves","graphs":["0-0-0-0"]}}
{"id":"0-0-2-119","source":"0-0-1-2","target":"0-0-1-141","data":{"superType":"T"},"meta":{"label":"processedBy","graphs":["0-0-0-0"]}}
{"id":"0-0-2-120","source":"0-0-1-2","target":"0-0-1-143","data":{"superType":"T"},"meta":{"label":"placedAt","graphs":["0-0-0-0"]}}
{"id":"0-0-2-121","source":"0-0-1-2","target":"0-0-1-140","data":{"quantity":95,"superType":"T","purchPrice":2.93},"meta":{"label":"PurchOrderLine","graphs":["0-0-0-0"]}}
{"id":"0-0-2-122","source":"0-0-1-83","target":"0-0-1-2","data":{"superType":"T"},"meta":{"label":"contains","graphs":["0-0-0-0"]}}
{"id":"0-0-2-123","source":"0-0-1-83","target":"0-0-1-126","data":{"superType":"T"},"meta":{"label":"operatedBy","graphs":["0-0-0-0"]}}
{"id":"0-0-2-124","source":"0-0-1-122","target":"0-0-1-2","data":{"superType":"T"},"meta":{"label":"createdFor","graphs":["0-0-0-0"]}}
{"id":"0-0-2-125","source":"0-0-1-95","target":"0-0-1-30","data":{"superType":"T"},"meta":{"label":"createdFor","graphs":["0-0-0-0"]}}
{"id":"0-0-2-126","source":"0-0-1-59","target":"0-0-1-30","data":{"superType":"T"},"meta":{"label":"createdFor","graphs":["0-0-0-0"]}}
{"id":"0-0-2-127","source":"0-0-1-113","target":"0-0-1-2","data":{"superType":"T"},"meta":{"label":"createdFor","graphs":["0-0-0-0"]}}
{"id":"0-0-2-128","source":"0-0-1-23","target":"0-0-1-134","data":{"superType":"T"},"meta":{"label":"sentTo","graphs":["0-0-0-0"]}}
{"id":"0-0-2-129","source":"0-0-1-23","target":"0-0-1-133","data":{"superType":"T"},"meta":{"label":"sentBy","graphs":["0-0-0-0"]}}
{"id":"0-0-2-130","source":"0-0-1-23","target":"0-0-1-138","data":{"quantity":6,"salesPrice":4,"superType":"T","purchPrice":3.67},"meta":{"label":"SalesQuotationLine","graphs":["0-0-0-0"]}}
{"id":"0-0-2-131","source":"0-0-1-55","target":"0-0-1-134","data":{"superType":"T"},"meta":{"label":"receivedFrom","graphs":["0-0-0-0"]}}
{"id":"0-0-2-132","source":"0-0-1-55","target":"0-0-1-132","data":{"superType":"T"},"meta":{"label":"processedBy","graphs":["0-0-0-0"]}}
{"id":"0-0-2-133","source":"0-0-1-55","target":"0-0-1-23","data":{"superType":"T"},"meta":{"label":"basedOn","graphs":["0-0-0-0"]}}
{"id":"0-0-2-134","source":"0-0-1-55","target":"0-0-1-138","data":{"quantity":6,"salesPrice":4,"superType":"T"},"meta":{"label":"SalesOrderLine","graphs":["0-0-0-0"]}}
{"id":"0-0-2-135","source":"0-0-1-35","target":"0-0-1-55","data":{"superType":"T"},"meta":{"label":"serves","graphs":["0-0-0-0"]}}
{"id":"0-0-2-136","source":"0-0-1-35","target":"0-0-1-131","data":{"superType":"T"},"meta":{"label":"processedBy","graphs":["0-0-0-0"]}}
{"id":"0-0-2-137","source":"0-0-1-35","target":"0-0-1-127","data":{"superType":"T"},"meta":{"label":"placedAt","graphs":["0-0-0-0"]}}
{"id":"0-0-2-138","source":"0-0-1-35","target":"0-0-1-138","data":{"quantity":6,"superType":"T","purchPrice":3.71},"meta":{"label":"PurchOrderLine","graphs":["0-0-0-0"]}}
{"id":"0-0-2-139","source":"0-0-1-41","target":"0-0-1-35","data":{"superType":"T"},"meta":{"label":"contains","graphs":["0-0-0-0"]}}
{"id":"0-0-2-140","source":"0-0-1-41","target":"0-0-1-144","data":{"superType":"T"},"meta":{"label":"operatedBy","graphs":["0-0-0-0"]}}
{"id":"0-0-2-141","source":"0-0-1-51","target":"0-0-1-35","data":{"superType":"T"},"meta":{"label":"createdFor","graphs":["0-0-0-0"]}}
{"id":"0-0-2-142","source":"0-0-1-38","target":"0-0-1-55","data":{"superType":"T"},"meta":{"label":"createdFor","graphs":["0-0-0-0"]}}
{"id":"0-0-2-143","source":"0-0-1-63","target":"0-0-1-128","data":{"superType":"T"},"meta":{"label":"sentTo","graphs":["0-0-0-0"]}}
{"id":"0-0-2-144","source":"0-0-1-63","target":"0-0-1-139","data":{"superType":"T"},"meta":{"label":"sentBy","graphs":["0-0-0-0"]}}
{"id":"0-0-2-145","source":"0-0-1-63","target":"0-0-1-124","data":{"quantity":15,"salesPrice":5.07,"superType":"T","purchPrice":4.92},"meta":{"label":"SalesQuotationLine","graphs":["0-0-0-0"]}}
{"id":"0-0-2-146","source":"0-0-1-28","target":"0-0-1-128","data":{"superType":"T"},"meta":{"label":"receivedFrom","graphs":["0-0-0-0"]}}
{"id":"0-0-2-147","source":"0-0-1-28","target":"0-0-1-132","data":{"superType":"T"},"meta":{"label":"processedBy","graphs":["0-0-0-0"]}}
{"id":"0-0-2-148","source":"0-0-1-28","target":"0-0-1-63","data":{"superType":"T"},"meta":{"label":"basedOn","graphs":["0-0-0-0"]}}
{"id":"0-0-2-149","source":"0-0-1-28","target":"0-0-1-124","data":{"quantity":15,"salesPrice":5.07,"superType":"T"},"meta":{"label":"SalesOrderLine","graphs":["0-0-0-0"]}}
{"id":"0-0-2-150","source":"0-0-1-62","target":"0-0-1-28","data":{"superType":"T"},"meta":{"label":"serves","graphs":["0-0-0-0"]}}
{"id":"0-0-2-151","source":"0-0-1-62","target":"0-0-1-133","data":{"superType":"T"},"meta":{"label":"processedBy","graphs":["0-0-0-0"]}}
{"id":"0-0-2-152","source":"0-0-1-62","target":"0-0-1-136","data":{"superType":"T"},"meta":{"label":"placedAt","graphs":["0-0-0-0"]}}
{"id":"0-0-2-153","source":"0-0-1-62","target":"0-0-1-124","data":{"quantity":15,"superType":"T","purchPrice":4.97},"meta":{"label":"PurchOrderLine","graphs":["0-0-0-0"]}}
{"id":"0-0-2-154","source":"0-0-1-105","target":"0-0-1-62","data":{"superType":"T"},"meta":{"label":"contains","graphs":["0-0-0-0"]}}
{"id":"0-0-2-155","source":"0-0-1-105","target":"0-0-1-126","data":{"superType":"T"},"meta":{"label":"operatedBy","graphs":["0-0-0-0"]}}
{"id":"0-0-2-156","source":"0-0-1-17","target":"0-0-1-62","data":{"superType":"T"},"meta":{"label":"createdFor","graphs":["0-0-0-0"]}}
{"id":"0-0-2-157","source":"0-0-1-123","target":"0-0-1-28","data":{"superType":"T"},"meta":{"label":"createdFor","graphs":["0-0-0-0"]}}
{"id":"0-0-2-158","source":"0-0-1-11","target":"0-0-1-128","data":{"superType":"T"},"meta":{"label":"sentTo","graphs":["0-0-0-0"]}}
{"id":"0-0-2-159","source":"0-0-1-11","target":"0-0-1-132","data":{"superType":"T"},"meta":{"label":"sentBy","graphs":["0-0-0-0"]}}
{"id":"0-0-2-160","source":"0-0-1-11","target":"0-0-1-124","data":{"quantity":45,"salesPrice":5.17,"superType":"T","purchPrice":4.92},"meta":{"label":"SalesQuotationLine","graphs":["0-0-0-0"]}}
{"id":"0-0-2-161","source":"0-0-1-61","target":"0-0-1-128","data":{"superType":"T"},"meta":{"label":"receivedFrom","graphs":["0-0-0-0"]}}
{"id":"0-0-2-162","source":"0-0-1-61","target":"0-0-1-133","data":{"superType":"T"},"meta":{"label":"processedBy","graphs":["0-0-0-0"]}}
{"id":"0-0-2-163","source":"0-0-1-61","target":"0-0-1-11","data":{"superType":"T"},"meta":{"label":"basedOn","graphs":["0-0-0-0"]}}
{"id":"0-0-2-164","source":"0-0-1-61","target":"0-0-1-124","data":{"quantity":45,"salesPrice":5.17,"superType":"T"},"meta":{"label":"SalesOrderLine","graphs":["0-0-0-0"]}}
{"id":"0-0-2-165","source":"0-0-1-42","target":"0-0-1-61","data":{"superType":"T"},"meta":{"label":"serves","graphs":["0-0-0-0"]}}
{"id":"0-0-2-166","source":"0-0-1-42","target":"0-0-1-141","data":{"superType":"T"},"meta":{"label":"processedBy","graphs":["0-0-0-0"]}}
{"id":"0-0-2-167","source":"0-0-1-42","target":"0-0-1-127","data":{"superType":"T"},"meta":{"label":"placedAt","graphs":["0-0-0-0"]}}
{"id":"0-0-2-168","source":"0-0-1-42","target":"0-0-1-124","data":{"quantity":45,"superType":"T","purchPrice":5.07},"meta":{"label":"PurchOrderLine","graphs":["0-0-0-0"]}}
{"id":"0-0-2-169","source":"0-0-1-4","target":"0-0-1-42","data":{"superType":"T"},"meta":{"label":"contains","graphs":["0-0-0-0"]}}
{"id":"0-0-2-170","source":"0-0-1-4","target":"0-0-1-144","data":{"superType":"T"},"meta":{"label":"operatedBy","graphs":["0-0-0-0"]}}
{"id":"0-0-2-171","source":"0-0-1-0","target":"0-0-1-42","data":{"superType":"T"},"meta":{"label":"createdFor","graphs":["0-0-0-0"]}}
{"id":"0-0-2-172","source":"0-0-1-50","target":"0-0-1-61","data":{"superType":"T"},"meta":{"label":"createdFor","graphs":["0-0-0-0"]}}
{"id":"0-0-2-173","source":"0-0-1-56","target":"0-0-1-128","data":{"superType":"T"},"meta":{"label":"sentTo","graphs":["0-0-0-0"]}}
{"id":"0-0-2-174","source":"0-0-1-56","target":"0-0-1-131","data":{"superType":"T"},"meta":{"label":"sentBy","graphs":["0-0-0-0"]}}
{"id":"0-0-2-175","source":"0-0-1-56","target":"0-0-1-124","data":{"quantity":45,"salesPrice":5.17,"superType":"T","purchPrice":4.92},"meta":{"label":"SalesQuotationLine","graphs":["0-0-0-0"]}}
{"id":"0-0-2-176","source":"0-0-1-1","target":"0-0-1-128","data":{"superType":"T"},"meta":{"label":"receivedFrom","graphs":["0-0-0-0"]}}
{"id":"0-0-2-177","source":"0-0-1-1","target":"0-0-1-139","data":{"superType":"T"},"meta":{"label":"processedBy","graphs":["0-0-0-0"]}}
{"id":"0-0-2-178","source":"0-0-1-1","target":"0-0-1-56","data":{"superType":"T"},"meta":{"label":"basedOn","graphs":["0-0-0-0"]}}
{"id":"0-0-2-179","source":"0-0-1-1","target":"0-0-1-124","data":{"quantity":45,"salesPrice":5.17,"superType":"T"},"meta":{"label":"SalesOrderLine","graphs":["0-0-0-0"]}}
{"id":"0-0-2-180","source":"0-0-1-13","target":"0-0-1-1","data":{"superType":"T"},"meta":{"label":"serves","graphs":["0-0-0-0"]}}
{"id":"0-0-2-181","source":"0-0-1-13","target":"0-0-1-132","data":{"superType":"T"},"meta":{"label":"processedBy","graphs":["0-0-0-0"]}}
{"id":"0-0-2-182","source":"0-0-1-13","target":"0-0-1-129","data":{"superType":"T"},"meta":{"label":"placedAt","graphs":["0-0-0-0"]}}
{"id":"0-0-2-183","source":"0-0-1-13","target":"0-0-1-124","data":{"quantity":45,"superType":"T","purchPrice":5.07},"meta":{"label":"PurchOrderLine","graphs":["0-0-0-0"]}}
{"id":"0-0-2-184","source":"0-0-1-72","target":"0-0-1-13","data":{"superType":"T"},"meta":{"label":"contains","graphs":["0-0-0-0"]}}
{"id":"0-0-2-185","source":"0-0-1-72","target":"0-0-1-144","data":{"superType":"T"},"meta":{"label":"operatedBy","graphs":["0-0-0-0"]}}
{"id":"0-0-2-186","source":"0-0-1-88","target":"0-0-1-13","data":{"superType":"T"},"meta":{"label":"createdFor","graphs":["0-0-0-0"]}}
{"id":"0-0-2-187","source":"0-0-1-100","target":"0-0-1-1","data":{"superType":"T"},"meta":{"label":"createdFor","graphs":["0-0-0-0"]}}
{"id":"0-0-2-188","source":"0-0-1-85","target":"0-0-1-1","data":{"superType":"T"},"meta":{"label":"createdFor","graphs":["0-0-0-0"]}}
{"id":"0-0-2-189","source":"0-0-1-65","target":"0-0-1-145","data":{"superType":"T"},"meta":{"label":"sentTo","graphs":["0-0-0-0"]}}
{"id":"0-0-2-190","source":"0-0-1-65","target":"0-0-1-131","data":{"superType":"T"},"meta":{"label":"sentBy","graphs":["0-0-0-0"]}}
{"id":"0-0-2-191","source":"0-0-1-65","target":"0-0-1-135","data":{"quantity":70,"salesPrice":9.35,"superType":"T","purchPrice":8.74},"meta":{"label":"SalesQuotationLine","graphs":["0-0-0-0"]}}
{"id":"0-0-2-192","source":"0-0-1-97","target":"0-0-1-145","data":{"superType":"T"},"meta":{"label":"receivedFrom","graphs":["0-0-0-0"]}}
{"id":"0-0-2-193","source":"0-0-1-97","target":"0-0-1-139","data":{"superType":"T"},"meta":{"label":"processedBy","graphs":["0-0-0-0"]}}
{"id":"0-0-2-194","source":"0-0-1-97","target":"0-0-1-65","data":{"superType":"T"},"meta":{"label":"basedOn","graphs":["0-0-0-0"]}}
{"id":"0-0-2-195","source":"0-0-1-97","target":"0-0-1-135","data":{"quantity":70,"salesPrice":9.35,"superType":"T"},"meta":{"label":"SalesOrderLine","graphs":["0-0-0-0"]}}
{"id":"0-0-2-196","source":"0-0-1-37","target":"0-0-1-97","data":{"superType":"T"},"meta":{"label":"serves","graphs":["0-0-0-0"]}}
{"id":"0-0-2-197","source":"0-0-1-37","target":"0-0-1-132","data":{"superType":"T"},"meta":{"label":"processedBy","graphs":["0-0-0-0"]}}
{"id":"0-0-2-198","source":"0-0-1-37","target":"0-0-1-127","data":{"superType":"T"},"meta":{"label":"placedAt","graphs":["0-0-0-0"]}}
{"id":"0-0-2-199","source":"0-0-1-37","target":"0-0-1-135","data":{"quantity":70,"superType":"T","purchPrice":8.83},"meta":{"label":"PurchOrderLine","graphs":["0-0-0-0"]}}
{"id":"0-0-2-200","source":"0-0-1-75","target":"0-0-1-37","data":{"superType":"T"},"meta":{"label":"contains","graphs":["0-0-0-0"]}}
{"id":"0-0-2-201","source":"0-0-1-75","target":"0-0-1-126","data":{"superType":"T"},"meta":{"label":"operatedBy","graphs":["0-0-0-0"]}}
{"id":"0-0-2-202","source":"0-0-1-68","target":"0-0-1-37","data":{"superType":"T"},"meta":{"label":"createdFor","graphs":["0-0-0-0"]}}
{"id":"0-0-2-203","source":"0-0-1-48","target":"0-0-1-97","data":{"superType":"T"},"meta":{"label":"createdFor","graphs":["0-0-0-0"]}}
{"id":"0-0-2-204","source":"0-0-1-71","target":"0-0-1-97","data":{"superType":"T"},"meta":{"label":"createdFor","graphs":["0-0-0-0"]}}
{"id":"0-0-2-205","source":"0-0-1-33","target":"0-0-1-37","data":{"superType":"T"},"meta":{"label":"createdFor","graphs":["0-0-0-0"]}}
{"id":"0-0-2-206","source":"0-0-1-109","target":"0-0-1-134","data":{"superType":"T"},"meta":{"label":"sentTo","graphs":["0-0-0-0"]}}
{"id":"0-0-2-207","source":"0-0-1-109","target":"0-0-1-131","data":{"superType":"T"},"meta":{"label":"sentBy","graphs":["0-0-0-0"]}}
{"id":"0-0-2-208","source":"0-0-1-109","target":"0-0-1-130","data":{"quantity":8,"salesPrice":6.48,"superType":"T","purchPrice":6.17},"meta":{"label":"SalesQuotationLine","graphs":["0-0-0-0"]}}
{"id":"0-0-2-209","source":"0-0-1-73","target":"0-0-1-134","data":{"superType":"T"},"meta":{"label":"receivedFrom","graphs":["0-0-0-0"]}}
{"id":"0-0-2-210","source":"0-0-1-73","target":"0-0-1-139","data":{"superType":"T"},"meta":{"label":"processedBy","graphs":["0-0-0-0"]}}
{"id":"0-0-2-211","source":"0-0-1-73","target":"0-0-1-109","data":{"superType":"T"},"meta":{"label":"basedOn","graphs":["0-0-0-0"]}}
{"id":"0-0-2-212","source":"0-0-1-73","target":"0-0-1-130","data":{"quantity":8,"salesPrice":6.48,"superType":"T"},"meta":{"label":"SalesOrderLine","graphs":["0-0-0-0"]}}
{"id":"0-0-2-213","source":"0-0-1-39","target":"0-0-1-73","data":{"superType":"T"},"meta":{"label":"serves","graphs":["0-0-0-0"]}}
{"id":"0-0-2-214","source":"0-0-1-39","target":"0-0-1-132","data":{"superType":"T"},"meta":{"label":"processedBy","graphs":["0-0-0-0"]}}
{"id":"0-0-2-215","source":"0-0-1-39","target":"0-0-1-143","data":{"superType":"T"},"meta":{"label":"placedAt","graphs":["0-0-0-0"]}}
{"id":"0-0-2-216","source":"0-0-1-39","target":"0-0-1-130","data":{"quantity":8,"superType":"T","purchPrice":6.23},"meta":{"label":"PurchOrderLine","graphs":["0-0-0-0"]}}
{"id":"0-0-2-217","source":"0-0-1-53","target":"0-0-1-39","data":{"superType":"T"},"meta":{"label":"contains","graphs":["0-0-0-0"]}}
{"id":"0-0-2-218","source":"0-0-1-53","target":"0-0-1-144","data":{"superType":"T"},"meta":{"label":"operatedBy","graphs":["0-0-0-0"]}}
{"id":"0-0-2-219","source":"0-0-1-34","target":"0-0-1-39","data":{"superType":"T"},"meta":{"label":"createdFor","graphs":["0-0-0-0"]}}
{"id":"0-0-2-220","source":"0-0-1-58","target":"0-0-1-73","data":{"superType":"T"},"meta":{"label":"createdFor","graphs":["0-0-0-0"]}}
{"id":"0-0-2-221","source":"0-0-1-12","target":"0-0-1-125","data":{"superType":"T"},"meta":{"label":"sentTo","graphs":["0-0-0-0"]}}
{"id":"0-0-2-222","source":"0-0-1-12","target":"0-0-1-133","data":{"superType":"T"},"meta":{"label":"sentBy","graphs":["0-0-0-0"]}}
{"id":"0-0-2-223","source":"0-0-1-12","target":"0-0-1-140","data":{"quantity":55,"salesPrice":2.93,"superType":"T","purchPrice":2.84},"meta":{"label":"SalesQuotationLine","graphs":["0-0-0-0"]}}
{"id":"0-0-2-224","source":"0-0-1-36","target":"0-0-1-125","data":{"superType":"T"},"meta":{"label":"receivedFrom","graphs":["0-0-0-0"]}}
{"id":"0-0-2-225","source":"0-0-1-36","target":"0-0-1-141","data":{"superType":"T"},"meta":{"label":"processedBy","graphs":["0-0-0-0"]}}
{"id":"0-0-2-226","source":"0-0-1-36","target":"0-0-1-12","data":{"superType":"T"},"meta":{"label":"basedOn","graphs":["0-0-0-0"]}}
{"id":"0-0-2-227","source":"0-0-1-36","target":"0-0-1-140","data":{"quantity":55,"salesPrice":2.93,"superType":"T"},"meta":{"label":"SalesOrderLine","graphs":["0-0-0-0"]}}
{"id":"0-0-2-228","source":"0-0-1-107","target":"0-0-1-36","data":{"superType":"T"},"meta":{"label":"serves","graphs":["0-0-0-0"]}}
{"id":"0-0-2-229","source":"0-0-1-107","target":"0-0-1-131","data":{"superType":"T"},"meta":{"label":"processedBy","graphs":["0-0-0-0"]}}
{"id":"0-0-2-230","source":"0-0-1-107","target":"0-0-1-136","data":{"superType":"T"},"meta":{"label":"placedAt","graphs":["0-0-0-0"]}}
{"id":"0-0-2-231","source":"0-0-1-107","target":"0-0-1-140","data":{"quantity":55,"superType":"T","purchPrice":2.93},"meta":{"label":"PurchOrderLine","graphs":["0-0-0-0"]}}
{"id":"0-0-2-232","source":"0-0-1-104","target":"0-0-1-107","data":{"superType":"T"},"meta":{"label":"contains","graphs":["0-0-0-0"]}}
{"id":"0-0-2-233","source":"0-0-1-104","target":"0-0-1-126","data":{"superType":"T"},"meta":{"label":"operatedBy","graphs":["0-0-0-0"]}}
{"id":"0-0-2-234","source":"0-0-1-9","target":"0-0-1-107","data":{"superType":"T"},"meta":{"label":"createdFor","graphs":["0-0-0-0"]}}
{"id":"0-0-2-235","source":"0-0-1-16","target":"0-0-1-36","data":{"superType":"T"},"meta":{"label":"createdFor","graphs":["0-0-0-0"]}}
{"id":"0-0-2-236","source":"0-0-1-49","target":"0-0-1-36","data":{"superType":"T"},"meta":{"label":"createdFor","graphs":["0-0-0-0"]}}
{"id":"0-0-2-237","source":"0-0-1-89","target":"0-0-1-107","data":{"superType":"T"},"meta":{"label":"createdFor","graphs":["0-0-0-0"]}}
{"id":"0-0-2-238","source":"0-0-1-119","target":"0-0-1-36","data":{"superType":"T"},"meta":{"label":"createdFor","graphs":["0-0-0-0"]}}
{"id":"0-0-2-239","source":"0-0-1-116","target":"0-0-1-145","data":{"superType":"T"},"meta":{"label":"sentTo","graphs":["0-0-0-0"]}}
{"id":"0-0-2-240","source":"0-0-1-116","target":"0-0-1-132","data":{"superType":"T"},"meta":{"label":"sentBy","graphs":["0-0-0-0"]}}
{"id":"0-0-2-241","source":"0-0-1-116","target":"0-0-1-135","data":{"quantity":45,"salesPrice":9.35,"superType":"T","purchPrice":8.74},"meta":{"label":"SalesQuotationLine","graphs":["0-0-0-0"]}}
{"id":"0-0-2-242","source":"0-0-1-10","target":"0-0-1-145","data":{"superType":"T"},"meta":{"label":"receivedFrom","graphs":["0-0-0-0"]}}
{"id":"0-0-2-243","source":"0-0-1-10","target":"0-0-1-133","data":{"superType":"T"},"meta":{"label":"processedBy","graphs":["0-0-0-0"]}}
{"id":"0-0-2-244","source":"0-0-1-10","target":"0-0-1-116","data":{"superType":"T"},"meta":{"label":"basedOn","graphs":["0-0-0-0"]}}
{"id":"0-0-2-245","source":"0-0-1-10","target":"0-0-1-135","data":{"quantity":45,"salesPrice":9.35,"superType":"T"},"meta":{"label":"SalesOrderLine","graphs":["0-0-0-0"]}}
{"id":"0-0-2-246","source":"0-0-1-27","target":"0-0-1-10","data":{"superType":"T"},"meta":{"label":"serves","graphs":["0-0-0-0"]}}
{"id":"0-0-2-247","source":"0-0-1-27","target":"0-0-1-141","data":{"superType":"T"},"meta":{"label":"processedBy","graphs":["0-0-0-0"]}}
{"id":"0-0-2-248","source":"0-0-1-27","target":"0-0-1-137","data":{"superType":"T"},"meta":{"label":"placedAt","graphs":["0-0-0-0"]}}
{"id":"0-0-2-249","source":"0-0-1-27","target":"0-0-1-135","data":{"quantity":45,"superType":"T","purchPrice":8.83},"meta":{"label":"PurchOrderLine","graphs":["0-0-0-0"]}}
{"id":"0-0-2-250","source":"0-0-1-115","target":"0-0-1-27","data":{"superType":"T"},"meta":{"label":"contains","graphs":["0-0-0-0"]}}
{"id":"0-0-2-251","source":"0-0-1-115","target":"0-0-1-144","data":{"superType":"T"},"meta":{"label":"operatedBy","graphs":["0-0-0-0"]}}
{"id":"0-0-2-252","source":"0-0-1-20","target":"0-0-1-27","data":{"superType":"T"},"meta":{"label":"createdFor","graphs":["0-0-0-0"]}}
{"id":"0-0-2-253","source":"0-0-1-29","target":"0-0-1-10","data":{"superType":"T"},"meta":{"label":"createdFor","graphs":["0-0-0-0"]}}
{"id":"0-0-2-254","source":"0-0-1-66","target":"0-0-1-134","data":{"superType":"T"},"meta":{"label":"sentTo","graphs":["0-0-0-0"]}}
{"id":"0-0-2-255","source":"0-0-1-66","target":"0-0-1-131","data":{"superType":"T"},"meta":{"label":"sentBy","graphs":["0-0-0-0"]}}
{"id":"0-0-2-256","source":"0-0-1-66","target":"0-0-1-130","data":{"quantity":45,"salesPrice":6.48,"superType":"T","purchPrice":6.17},"meta":{"label":"SalesQuotationLine","graphs":["0-0-0-0"]}}
{"id":"0-0-2-257","source":"0-0-1-44","target":"0-0-1-134","data":{"superType":"T"},"meta":{"label":"receivedFrom","graphs":["0-0-0-0"]}}
{"id":"0-0-2-258","source":"0-0-1-44","target":"0-0-1-139","data":{"superType":"T"},"meta":{"label":"processedBy","graphs":["0-0-0-0"]}}
{"id":"0-0-2-259","source":"0-0-1-44","target":"0-0-1-66","data":{"superType":"T"},"meta":{"label":"basedOn","graphs":["0-0-0-0"]}}
{"id":"0-0-2-260","source":"0-0-1-44","target":"0-0-1-130","data":{"quantity":45,"salesPrice":6.48,"superType":"T"},"meta":{"label":"SalesOrderLine","graphs":["0-0-0-0"]}}
{"id":"0-0-2-261","source":"0-0-1-90","target":"0-0-1-44","data":{"superType":"T"},"meta":{"label":"serves","graphs":["0-0-0-0"]}}
{"id":"0-0-2-262","source":"0-0-1-90","target":"0-0-1-132","data":{"superType":"T"},"meta":{"label":"processedBy","graphs":["0-0-0-0"]}}
{"id":"0-0-2-263","source":"0-0-1-90","target":"0-0-1-129","data":{"superType":"T"},"meta":{"label":"placedAt","graphs":["0-0-0-0"]}}
{"id":"0-0-2-264","source":"0-0-1-90","target":"0-0-1-130","data":{"quantity":45,"superType":"T","purchPrice":6.36},"meta":{"label":"PurchOrderLine","graphs":["0-0-0-0"]}}
{"id":"0-0-2-265","source":"0-0-1-106","target":"0-0-1-90","data":{"superType":"T"},"meta":{"label":"contains","graphs":["0-0-0-0"]}}
{"id":"0-0-2-266","source":"0-0-1-106","target":"0-0-1-126","data":{"superType":"T"},"meta":{"label":"operatedBy","graphs":["0-0-0-0"]}}
{"id":"0-0-2-267","source":"0-0-1-84","target":"0-0-1-90","data":{"superType":"T"},"meta":{"label":"createdFor","graphs":["0-0-0-0"]}}
{"id":"0-0-2-268","source":"0-0-1-67","target":"0-0-1-44","data":{"superType":"T"},"meta":{"label":"createdFor","graphs":["0-0-0-0"]}}
{"id":"0-0-2-269","source":"0-0-1-32","target":"0-0-1-125","data":{"superType":"T"},"meta":{"label":"sentTo","graphs":["0-0-0-0"]}}
{"id":"0-0-2-270","source":"0-0-1-32","target":"0-0-1-133","data":{"superType":"T"},"meta":{"label":"sentBy","graphs":["0-0-0-0"]}}
{"id":"0-0-2-271","source":"0-0-1-32","target":"0-0-1-140","data":{"quantity":15,"salesPrice":2.93,"superType":"T","purchPrice":2.84},"meta":{"label":"SalesQuotationLine","graphs":["0-0-0-0"]}}
{"id":"0-0-2-272","source":"0-0-1-76","target":"0-0-1-125","data":{"superType":"T"},"meta":{"label":"receivedFrom","graphs":["0-0-0-0"]}}
{"id":"0-0-2-273","source":"0-0-1-76","target":"0-0-1-141","data":{"superType":"T"},"meta":{"label":"processedBy","graphs":["0-0-0-0"]}}
{"id":"0-0-2-274","source":"0-0-1-76","target":"0-0-1-32","data":{"superType":"T"},"meta":{"label":"basedOn","graphs":["0-0-0-0"]}}
{"id":"0-0-2-275","source":"0-0-1-76","target":"0-0-1-140","data":{"quantity":15,"salesPrice":2.93,"superType":"T"},"meta":{"label":"SalesOrderLine","graphs":["0-0-0-0"]}}
{"id":"0-0-2-276","source":"0-0-1-103","target":"0-0-1-76","data":{"superType":"T"},"meta":{"label":"serves","graphs":["0-0-0-0"]}}
{"id":"0-0-2-277","source":"0-0-1-103","target":"0-0-1-131","data":{"superType":"T"},"meta":{"label":"processedBy","graphs":["0-0-0-0"]}}
{"id":"0-0-2-278","source":"0-0-1-103","target":"0-0-1-127","data":{"superType":"T"},"meta":{"label":"placedAt","graphs":["0-0-0-0"]}}
{"id":"0-0-2-279","source":"0-0-1-103","target":"0-0-1-140","data":{"quantity":15,"superType":"T","purchPrice":2.87},"meta":{"label":"PurchOrderLine","graphs":["0-0-0-0"]}}
{"id":"0-0-2-280","source":"0-0-1-117","target":"0-0-1-103","data":{"superType":"T"},"meta":{"label":"contains","graphs":["0-0-0-0"]}}
{"id":"0-0-2-281","source":"0-0-1-117","target":"0-0-1-144","data":{"superType":"T"},"meta":{"label":"operatedBy","graphs":["0-0-0-0"]}}
{"id":"0-0-2-282","source":"0-0-1-22","target":"0-0-1-103","data":{"superType":"T"},"meta":{"label":"createdFor","graphs":["0-0-0-0"]}}
{"id":"0-0-2-283","source":"0-0-1-7","target":"0-0-1-76","data":{"superType":"T"},"meta":{"label":"createdFor","graphs":["0-0-0-0"]}}
{"id":"0-0-2-284","source":"0-0-1-118","target":"0-0-1-76","data":{"superType":"T"},"meta":{"label":"createdFor","graphs":["0-0-0-0"]}}
{"id":"0-0-2-285","source":"0-0-1-87","target":"0-0-1-103","data":{"superType":"T"},"meta":{"label":"createdFor","graphs":["0-0-0-0"]}}
